Gain tfer;;
;gain;u(gain)
f \ rms;;
0;1;0
10000;1;0.000001
100000;1.000011;0.000005
200000;1.000015;0.000012
500000;1.00002;0.00002
700000;1.00002;0.000025
1000000;1.000035;0.00004
10000000;1.000035;0.0005
