Gain tfer;;
;gain;u(gain)
f \ rms;;
0;1;0.00001
10000;1;0.00001
100000;1.000011;0.00001
200000;1.000015;0.00001
500000;1.00002;0.000025
700000;1.00002;0.000035
1000000;1.000035;0.00005
10000000;1.00035;0.0001
